post_id,taxonomy,term_id,name,slug,description,parent,term_order
6019,trekking-types,163,"Kanchenjunga Region",kanchenjunga-region-trekking,"<p class=""PDq2pG_selectionAnchorContainer"" data-start=""416"" data-end=""747"">Kanchenjunga Region Trekking is one of Nepal's most remote and rewarding Himalayan adventures. It offers spectacular mountain scenery, peaceful valleys, and authentic cultural experiences. Home to Mount Kanchenjunga, the world's third-highest peak, this region is perfect for trekkers seeking solitude and untouched wilderness.</p>
<p data-start=""749"" data-end=""1112"">Kanchenjunga Region Trekking passes through dense forests, alpine meadows, glacial rivers, and high mountain passes. Along the way, trekkers enjoy breathtaking views of Kanchenjunga and surrounding Himalayan peaks. Additionally, the route crosses the Kanchenjunga Conservation Area, which protects rare wildlife, diverse forests, and unique alpine ecosystems.</p>
<p data-start=""1114"" data-end=""1515"">Trekkers visit traditional Rai, Limbu, and Sherpa villages during the journey. Moreover, ancient monasteries, colorful prayer flags, and warm local hospitality create memorable cultural experiences. Every day combines natural beauty, mountain adventure, and centuries-old traditions. Because the region is less visited than other trekking destinations, it provides a peaceful and uncrowded experience.</p>
<p data-start=""1517"" data-end=""2158"">Ever Peak Adventures offers professionally guided Kanchenjunga Region Trekking packages with experienced guides, carefully planned itineraries, and reliable support. Furthermore, we prioritize safety, responsible tourism, and meaningful cultural encounters throughout the trek. Kanchenjunga Trekking is ideal for experienced hikers looking for challenging trails, spectacular landscapes, and genuine Himalayan culture. Finally, this remarkable journey rewards every trekker with unforgettable mountain panoramas, pristine wilderness, and lasting memories from one of Nepal's most beautiful and least-explored trekking regions.</p>",0,0
6030,trekking-types,135,"Annapurna Region",annapurna-region,"<h2 class=""PDq2pG_selectionAnchorContainer"" data-section-id=""1ngqd45"" data-start=""222"" data-end=""241"">Annapurna Region</h2>
<p data-start=""243"" data-end=""540"">The Annapurna Region is one of Nepal's most popular trekking destinations. It is famous for its diverse landscapes, breathtaking mountain views, and rich cultural heritage. From lush forests and terraced fields to alpine valleys and high mountain passes, every trail offers a unique adventure.</p>
<p data-start=""542"" data-end=""1004"">Popular treks include the Annapurna Base Camp Trek, Annapurna Circuit Trek, Mardi Himal Trek, Ghorepani Poon Hill Trek, Khopra Ridge Trek, and Nar Phu Valley Trek. Along the way, you'll enjoy spectacular views of Annapurna I, Machhapuchhre, Dhaulagiri, Hiunchuli, and several other Himalayan peaks. In addition, you'll visit traditional Gurung, Magar, and Thakali villages that are known for their warm hospitality and unique culture.</p>
<p data-start=""1006"" data-end=""1333"">The region offers trekking routes for every experience level. Beginners can enjoy short and scenic hikes, while experienced trekkers can cross the famous Thorong La Pass (5,416 m) on the Annapurna Circuit. Comfortable teahouses, well-marked trails, and easy access from Pokhara make trekking convenient throughout the year.</p>
<p data-start=""1335"" data-end=""1600"">At Ever Peak Adventures, we provide professionally guided treks with experienced local guides, comfortable accommodation, and carefully planned itineraries. We also ensure proper acclimatization and personalized service to make every journey safe and enjoyable.</p>
<p data-start=""1602"" data-end=""1802"">Whether you're looking for a short Himalayan escape or a challenging mountain adventure, the Annapurna Region offers unforgettable scenery, authentic culture, and world-class trekking experiences.</p>
lects our philosophy—trek higher into the Himalayas while feeling deeper connections with nature and local culture.

Explore Higher. Feel Deeper.",0,0
6046,trekking-types,137,"Langtang Region",langtang-region,"<h2 class=""PDq2pG_selectionAnchorContainer"" data-section-id=""1pcco11"" data-start=""226"" data-end=""244"">Langtang Region</h2>
<p data-start=""246"" data-end=""550"">The Langtang Region is one of Nepal's most beautiful and accessible trekking destinations. Located north of Kathmandu, it offers breathtaking mountain scenery, peaceful trails, and rich Tamang culture. The region is perfect for travelers seeking an authentic Himalayan adventure away from the crowds.</p>
<p data-start=""552"" data-end=""951"">Popular treks include the Langtang Valley Trek, Gosaikunda Lake Trek, Langtang Gosaikunda Trek, Tamang Heritage Trail, and Yala Peak Climbing. Along the journey, you'll walk through rhododendron forests, alpine meadows, and traditional villages. In addition, you'll enjoy spectacular views of Langtang Lirung, Dorje Lakpa, Gangchempo, and several surrounding Himalayan peaks.</p>
<p data-start=""953"" data-end=""1287"">One of the highlights is visiting Kyanjin Gompa, a traditional Buddhist monastery surrounded by snow-capped mountains. Many trekkers also hike to Kyanjin Ri or Tserko Ri for unforgettable panoramic views. For those seeking a spiritual journey, Gosaikunda Lake is a sacred pilgrimage site for both Hindus and Buddhists.</p>
<p data-start=""1289"" data-end=""1571"">At Ever Peak Adventures, we organize professionally guided treks with experienced local guides, comfortable teahouse accommodation, and carefully planned itineraries. We focus on safety, proper acclimatization, and personalized service to ensure a memorable trekking experience.</p>
<p data-start=""1573"" data-end=""1841"">Whether you are a beginner or an experienced trekker, the Langtang Region offers an incredible combination of natural beauty, cultural heritage, and rewarding mountain trails. It is an excellent choice for anyone looking to explore the Himalayas in a shorter time.</p>",0,0
6053,trekking-types,137,"Langtang Region",langtang-region,"<h2 class=""PDq2pG_selectionAnchorContainer"" data-section-id=""1pcco11"" data-start=""226"" data-end=""244"">Langtang Region</h2>
<p data-start=""246"" data-end=""550"">The Langtang Region is one of Nepal's most beautiful and accessible trekking destinations. Located north of Kathmandu, it offers breathtaking mountain scenery, peaceful trails, and rich Tamang culture. The region is perfect for travelers seeking an authentic Himalayan adventure away from the crowds.</p>
<p data-start=""552"" data-end=""951"">Popular treks include the Langtang Valley Trek, Gosaikunda Lake Trek, Langtang Gosaikunda Trek, Tamang Heritage Trail, and Yala Peak Climbing. Along the journey, you'll walk through rhododendron forests, alpine meadows, and traditional villages. In addition, you'll enjoy spectacular views of Langtang Lirung, Dorje Lakpa, Gangchempo, and several surrounding Himalayan peaks.</p>
<p data-start=""953"" data-end=""1287"">One of the highlights is visiting Kyanjin Gompa, a traditional Buddhist monastery surrounded by snow-capped mountains. Many trekkers also hike to Kyanjin Ri or Tserko Ri for unforgettable panoramic views. For those seeking a spiritual journey, Gosaikunda Lake is a sacred pilgrimage site for both Hindus and Buddhists.</p>
<p data-start=""1289"" data-end=""1571"">At Ever Peak Adventures, we organize professionally guided treks with experienced local guides, comfortable teahouse accommodation, and carefully planned itineraries. We focus on safety, proper acclimatization, and personalized service to ensure a memorable trekking experience.</p>
<p data-start=""1573"" data-end=""1841"">Whether you are a beginner or an experienced trekker, the Langtang Region offers an incredible combination of natural beauty, cultural heritage, and rewarding mountain trails. It is an excellent choice for anyone looking to explore the Himalayas in a shorter time.</p>",0,0
6061,trekking-types,136,"Everest Region",everest-region,"<h2 class=""PDq2pG_selectionAnchorContainer"" data-section-id=""eebrkr"" data-start=""118"" data-end=""135"">Everest Region</h2>
<p data-start=""137"" data-end=""477"">The Everest Region is Nepal's most famous trekking destination. It is home to Mount Everest, the highest mountain in the world. The region is known for its spectacular Himalayan scenery, rich Sherpa culture, ancient monasteries, and world-class trekking routes. Every year, thousands of trekkers visit this remarkable part of Nepal.</p>
<p data-start=""479"" data-end=""974"">Popular adventures include the Everest Base Camp Trek, Everest Luxury Trek with Helicopter Return, Gokyo Lakes Trek, and the Everest Three Passes Trek. Each journey offers breathtaking mountain views and unforgettable experiences. Along the trail, you'll pass through traditional Sherpa villages such as Namche Bazaar and Tengboche. You'll also cross suspension bridges and enjoy panoramic views of Everest, Lhotse, Nuptse, Ama Dablam, and many other Himalayan peaks.</p>
<p data-start=""976"" data-end=""1307"">At Ever Peak Adventures, we carefully design every itinerary for safety, comfort, and enjoyment. Our experienced local guides ensure proper acclimatization throughout the trek. In addition, we provide comfortable accommodation, quality meals, and personalized service. As a result, you can enjoy your adventure with confidence.</p>
<p data-start=""1309"" data-end=""1639"">Whether you are a first-time trekker or an experienced hiker, this destination has something for everyone. The combination of dramatic landscapes, warm Sherpa hospitality, and unforgettable trails creates a truly memorable experience. Choose Ever Peak Adventures and discover one of the world's greatest trekking destinations.</p>",0,0
6064,trekking-types,136,"Everest Region",everest-region,"<h2 class=""PDq2pG_selectionAnchorContainer"" data-section-id=""eebrkr"" data-start=""118"" data-end=""135"">Everest Region</h2>
<p data-start=""137"" data-end=""477"">The Everest Region is Nepal's most famous trekking destination. It is home to Mount Everest, the highest mountain in the world. The region is known for its spectacular Himalayan scenery, rich Sherpa culture, ancient monasteries, and world-class trekking routes. Every year, thousands of trekkers visit this remarkable part of Nepal.</p>
<p data-start=""479"" data-end=""974"">Popular adventures include the Everest Base Camp Trek, Everest Luxury Trek with Helicopter Return, Gokyo Lakes Trek, and the Everest Three Passes Trek. Each journey offers breathtaking mountain views and unforgettable experiences. Along the trail, you'll pass through traditional Sherpa villages such as Namche Bazaar and Tengboche. You'll also cross suspension bridges and enjoy panoramic views of Everest, Lhotse, Nuptse, Ama Dablam, and many other Himalayan peaks.</p>
<p data-start=""976"" data-end=""1307"">At Ever Peak Adventures, we carefully design every itinerary for safety, comfort, and enjoyment. Our experienced local guides ensure proper acclimatization throughout the trek. In addition, we provide comfortable accommodation, quality meals, and personalized service. As a result, you can enjoy your adventure with confidence.</p>
<p data-start=""1309"" data-end=""1639"">Whether you are a first-time trekker or an experienced hiker, this destination has something for everyone. The combination of dramatic landscapes, warm Sherpa hospitality, and unforgettable trails creates a truly memorable experience. Choose Ever Peak Adventures and discover one of the world's greatest trekking destinations.</p>",0,0
6089,trekking-types,136,"Everest Region",everest-region,"<h2 class=""PDq2pG_selectionAnchorContainer"" data-section-id=""eebrkr"" data-start=""118"" data-end=""135"">Everest Region</h2>
<p data-start=""137"" data-end=""477"">The Everest Region is Nepal's most famous trekking destination. It is home to Mount Everest, the highest mountain in the world. The region is known for its spectacular Himalayan scenery, rich Sherpa culture, ancient monasteries, and world-class trekking routes. Every year, thousands of trekkers visit this remarkable part of Nepal.</p>
<p data-start=""479"" data-end=""974"">Popular adventures include the Everest Base Camp Trek, Everest Luxury Trek with Helicopter Return, Gokyo Lakes Trek, and the Everest Three Passes Trek. Each journey offers breathtaking mountain views and unforgettable experiences. Along the trail, you'll pass through traditional Sherpa villages such as Namche Bazaar and Tengboche. You'll also cross suspension bridges and enjoy panoramic views of Everest, Lhotse, Nuptse, Ama Dablam, and many other Himalayan peaks.</p>
<p data-start=""976"" data-end=""1307"">At Ever Peak Adventures, we carefully design every itinerary for safety, comfort, and enjoyment. Our experienced local guides ensure proper acclimatization throughout the trek. In addition, we provide comfortable accommodation, quality meals, and personalized service. As a result, you can enjoy your adventure with confidence.</p>
<p data-start=""1309"" data-end=""1639"">Whether you are a first-time trekker or an experienced hiker, this destination has something for everyone. The combination of dramatic landscapes, warm Sherpa hospitality, and unforgettable trails creates a truly memorable experience. Choose Ever Peak Adventures and discover one of the world's greatest trekking destinations.</p>",0,0
6099,trekking-types,135,"Annapurna Region",annapurna-region,"<h2 class=""PDq2pG_selectionAnchorContainer"" data-section-id=""1ngqd45"" data-start=""222"" data-end=""241"">Annapurna Region</h2>
<p data-start=""243"" data-end=""540"">The Annapurna Region is one of Nepal's most popular trekking destinations. It is famous for its diverse landscapes, breathtaking mountain views, and rich cultural heritage. From lush forests and terraced fields to alpine valleys and high mountain passes, every trail offers a unique adventure.</p>
<p data-start=""542"" data-end=""1004"">Popular treks include the Annapurna Base Camp Trek, Annapurna Circuit Trek, Mardi Himal Trek, Ghorepani Poon Hill Trek, Khopra Ridge Trek, and Nar Phu Valley Trek. Along the way, you'll enjoy spectacular views of Annapurna I, Machhapuchhre, Dhaulagiri, Hiunchuli, and several other Himalayan peaks. In addition, you'll visit traditional Gurung, Magar, and Thakali villages that are known for their warm hospitality and unique culture.</p>
<p data-start=""1006"" data-end=""1333"">The region offers trekking routes for every experience level. Beginners can enjoy short and scenic hikes, while experienced trekkers can cross the famous Thorong La Pass (5,416 m) on the Annapurna Circuit. Comfortable teahouses, well-marked trails, and easy access from Pokhara make trekking convenient throughout the year.</p>
<p data-start=""1335"" data-end=""1600"">At Ever Peak Adventures, we provide professionally guided treks with experienced local guides, comfortable accommodation, and carefully planned itineraries. We also ensure proper acclimatization and personalized service to make every journey safe and enjoyable.</p>
<p data-start=""1602"" data-end=""1802"">Whether you're looking for a short Himalayan escape or a challenging mountain adventure, the Annapurna Region offers unforgettable scenery, authentic culture, and world-class trekking experiences.</p>
lects our philosophy—trek higher into the Himalayas while feeling deeper connections with nature and local culture.

Explore Higher. Feel Deeper.",0,0
6101,trekking-types,135,"Annapurna Region",annapurna-region,"<h2 class=""PDq2pG_selectionAnchorContainer"" data-section-id=""1ngqd45"" data-start=""222"" data-end=""241"">Annapurna Region</h2>
<p data-start=""243"" data-end=""540"">The Annapurna Region is one of Nepal's most popular trekking destinations. It is famous for its diverse landscapes, breathtaking mountain views, and rich cultural heritage. From lush forests and terraced fields to alpine valleys and high mountain passes, every trail offers a unique adventure.</p>
<p data-start=""542"" data-end=""1004"">Popular treks include the Annapurna Base Camp Trek, Annapurna Circuit Trek, Mardi Himal Trek, Ghorepani Poon Hill Trek, Khopra Ridge Trek, and Nar Phu Valley Trek. Along the way, you'll enjoy spectacular views of Annapurna I, Machhapuchhre, Dhaulagiri, Hiunchuli, and several other Himalayan peaks. In addition, you'll visit traditional Gurung, Magar, and Thakali villages that are known for their warm hospitality and unique culture.</p>
<p data-start=""1006"" data-end=""1333"">The region offers trekking routes for every experience level. Beginners can enjoy short and scenic hikes, while experienced trekkers can cross the famous Thorong La Pass (5,416 m) on the Annapurna Circuit. Comfortable teahouses, well-marked trails, and easy access from Pokhara make trekking convenient throughout the year.</p>
<p data-start=""1335"" data-end=""1600"">At Ever Peak Adventures, we provide professionally guided treks with experienced local guides, comfortable accommodation, and carefully planned itineraries. We also ensure proper acclimatization and personalized service to make every journey safe and enjoyable.</p>
<p data-start=""1602"" data-end=""1802"">Whether you're looking for a short Himalayan escape or a challenging mountain adventure, the Annapurna Region offers unforgettable scenery, authentic culture, and world-class trekking experiences.</p>
lects our philosophy—trek higher into the Himalayas while feeling deeper connections with nature and local culture.

Explore Higher. Feel Deeper.",0,0
6103,trekking-types,135,"Annapurna Region",annapurna-region,"<h2 class=""PDq2pG_selectionAnchorContainer"" data-section-id=""1ngqd45"" data-start=""222"" data-end=""241"">Annapurna Region</h2>
<p data-start=""243"" data-end=""540"">The Annapurna Region is one of Nepal's most popular trekking destinations. It is famous for its diverse landscapes, breathtaking mountain views, and rich cultural heritage. From lush forests and terraced fields to alpine valleys and high mountain passes, every trail offers a unique adventure.</p>
<p data-start=""542"" data-end=""1004"">Popular treks include the Annapurna Base Camp Trek, Annapurna Circuit Trek, Mardi Himal Trek, Ghorepani Poon Hill Trek, Khopra Ridge Trek, and Nar Phu Valley Trek. Along the way, you'll enjoy spectacular views of Annapurna I, Machhapuchhre, Dhaulagiri, Hiunchuli, and several other Himalayan peaks. In addition, you'll visit traditional Gurung, Magar, and Thakali villages that are known for their warm hospitality and unique culture.</p>
<p data-start=""1006"" data-end=""1333"">The region offers trekking routes for every experience level. Beginners can enjoy short and scenic hikes, while experienced trekkers can cross the famous Thorong La Pass (5,416 m) on the Annapurna Circuit. Comfortable teahouses, well-marked trails, and easy access from Pokhara make trekking convenient throughout the year.</p>
<p data-start=""1335"" data-end=""1600"">At Ever Peak Adventures, we provide professionally guided treks with experienced local guides, comfortable accommodation, and carefully planned itineraries. We also ensure proper acclimatization and personalized service to make every journey safe and enjoyable.</p>
<p data-start=""1602"" data-end=""1802"">Whether you're looking for a short Himalayan escape or a challenging mountain adventure, the Annapurna Region offers unforgettable scenery, authentic culture, and world-class trekking experiences.</p>
lects our philosophy—trek higher into the Himalayas while feeling deeper connections with nature and local culture.

Explore Higher. Feel Deeper.",0,0
7561,trekking-types,135,"Annapurna Region",annapurna-region,"<h2 class=""PDq2pG_selectionAnchorContainer"" data-section-id=""1ngqd45"" data-start=""222"" data-end=""241"">Annapurna Region</h2>
<p data-start=""243"" data-end=""540"">The Annapurna Region is one of Nepal's most popular trekking destinations. It is famous for its diverse landscapes, breathtaking mountain views, and rich cultural heritage. From lush forests and terraced fields to alpine valleys and high mountain passes, every trail offers a unique adventure.</p>
<p data-start=""542"" data-end=""1004"">Popular treks include the Annapurna Base Camp Trek, Annapurna Circuit Trek, Mardi Himal Trek, Ghorepani Poon Hill Trek, Khopra Ridge Trek, and Nar Phu Valley Trek. Along the way, you'll enjoy spectacular views of Annapurna I, Machhapuchhre, Dhaulagiri, Hiunchuli, and several other Himalayan peaks. In addition, you'll visit traditional Gurung, Magar, and Thakali villages that are known for their warm hospitality and unique culture.</p>
<p data-start=""1006"" data-end=""1333"">The region offers trekking routes for every experience level. Beginners can enjoy short and scenic hikes, while experienced trekkers can cross the famous Thorong La Pass (5,416 m) on the Annapurna Circuit. Comfortable teahouses, well-marked trails, and easy access from Pokhara make trekking convenient throughout the year.</p>
<p data-start=""1335"" data-end=""1600"">At Ever Peak Adventures, we provide professionally guided treks with experienced local guides, comfortable accommodation, and carefully planned itineraries. We also ensure proper acclimatization and personalized service to make every journey safe and enjoyable.</p>
<p data-start=""1602"" data-end=""1802"">Whether you're looking for a short Himalayan escape or a challenging mountain adventure, the Annapurna Region offers unforgettable scenery, authentic culture, and world-class trekking experiences.</p>
lects our philosophy—trek higher into the Himalayas while feeling deeper connections with nature and local culture.

Explore Higher. Feel Deeper.",0,0
7566,trekking-types,136,"Everest Region",everest-region,"<h2 class=""PDq2pG_selectionAnchorContainer"" data-section-id=""eebrkr"" data-start=""118"" data-end=""135"">Everest Region</h2>
<p data-start=""137"" data-end=""477"">The Everest Region is Nepal's most famous trekking destination. It is home to Mount Everest, the highest mountain in the world. The region is known for its spectacular Himalayan scenery, rich Sherpa culture, ancient monasteries, and world-class trekking routes. Every year, thousands of trekkers visit this remarkable part of Nepal.</p>
<p data-start=""479"" data-end=""974"">Popular adventures include the Everest Base Camp Trek, Everest Luxury Trek with Helicopter Return, Gokyo Lakes Trek, and the Everest Three Passes Trek. Each journey offers breathtaking mountain views and unforgettable experiences. Along the trail, you'll pass through traditional Sherpa villages such as Namche Bazaar and Tengboche. You'll also cross suspension bridges and enjoy panoramic views of Everest, Lhotse, Nuptse, Ama Dablam, and many other Himalayan peaks.</p>
<p data-start=""976"" data-end=""1307"">At Ever Peak Adventures, we carefully design every itinerary for safety, comfort, and enjoyment. Our experienced local guides ensure proper acclimatization throughout the trek. In addition, we provide comfortable accommodation, quality meals, and personalized service. As a result, you can enjoy your adventure with confidence.</p>
<p data-start=""1309"" data-end=""1639"">Whether you are a first-time trekker or an experienced hiker, this destination has something for everyone. The combination of dramatic landscapes, warm Sherpa hospitality, and unforgettable trails creates a truly memorable experience. Choose Ever Peak Adventures and discover one of the world's greatest trekking destinations.</p>",0,0
8959,trekking-types,135,"Annapurna Region",annapurna-region,"<h2 class=""PDq2pG_selectionAnchorContainer"" data-section-id=""1ngqd45"" data-start=""222"" data-end=""241"">Annapurna Region</h2>
<p data-start=""243"" data-end=""540"">The Annapurna Region is one of Nepal's most popular trekking destinations. It is famous for its diverse landscapes, breathtaking mountain views, and rich cultural heritage. From lush forests and terraced fields to alpine valleys and high mountain passes, every trail offers a unique adventure.</p>
<p data-start=""542"" data-end=""1004"">Popular treks include the Annapurna Base Camp Trek, Annapurna Circuit Trek, Mardi Himal Trek, Ghorepani Poon Hill Trek, Khopra Ridge Trek, and Nar Phu Valley Trek. Along the way, you'll enjoy spectacular views of Annapurna I, Machhapuchhre, Dhaulagiri, Hiunchuli, and several other Himalayan peaks. In addition, you'll visit traditional Gurung, Magar, and Thakali villages that are known for their warm hospitality and unique culture.</p>
<p data-start=""1006"" data-end=""1333"">The region offers trekking routes for every experience level. Beginners can enjoy short and scenic hikes, while experienced trekkers can cross the famous Thorong La Pass (5,416 m) on the Annapurna Circuit. Comfortable teahouses, well-marked trails, and easy access from Pokhara make trekking convenient throughout the year.</p>
<p data-start=""1335"" data-end=""1600"">At Ever Peak Adventures, we provide professionally guided treks with experienced local guides, comfortable accommodation, and carefully planned itineraries. We also ensure proper acclimatization and personalized service to make every journey safe and enjoyable.</p>
<p data-start=""1602"" data-end=""1802"">Whether you're looking for a short Himalayan escape or a challenging mountain adventure, the Annapurna Region offers unforgettable scenery, authentic culture, and world-class trekking experiences.</p>
lects our philosophy—trek higher into the Himalayas while feeling deeper connections with nature and local culture.

Explore Higher. Feel Deeper.",0,0
8961,trekking-types,135,"Annapurna Region",annapurna-region,"<h2 class=""PDq2pG_selectionAnchorContainer"" data-section-id=""1ngqd45"" data-start=""222"" data-end=""241"">Annapurna Region</h2>
<p data-start=""243"" data-end=""540"">The Annapurna Region is one of Nepal's most popular trekking destinations. It is famous for its diverse landscapes, breathtaking mountain views, and rich cultural heritage. From lush forests and terraced fields to alpine valleys and high mountain passes, every trail offers a unique adventure.</p>
<p data-start=""542"" data-end=""1004"">Popular treks include the Annapurna Base Camp Trek, Annapurna Circuit Trek, Mardi Himal Trek, Ghorepani Poon Hill Trek, Khopra Ridge Trek, and Nar Phu Valley Trek. Along the way, you'll enjoy spectacular views of Annapurna I, Machhapuchhre, Dhaulagiri, Hiunchuli, and several other Himalayan peaks. In addition, you'll visit traditional Gurung, Magar, and Thakali villages that are known for their warm hospitality and unique culture.</p>
<p data-start=""1006"" data-end=""1333"">The region offers trekking routes for every experience level. Beginners can enjoy short and scenic hikes, while experienced trekkers can cross the famous Thorong La Pass (5,416 m) on the Annapurna Circuit. Comfortable teahouses, well-marked trails, and easy access from Pokhara make trekking convenient throughout the year.</p>
<p data-start=""1335"" data-end=""1600"">At Ever Peak Adventures, we provide professionally guided treks with experienced local guides, comfortable accommodation, and carefully planned itineraries. We also ensure proper acclimatization and personalized service to make every journey safe and enjoyable.</p>
<p data-start=""1602"" data-end=""1802"">Whether you're looking for a short Himalayan escape or a challenging mountain adventure, the Annapurna Region offers unforgettable scenery, authentic culture, and world-class trekking experiences.</p>
lects our philosophy—trek higher into the Himalayas while feeling deeper connections with nature and local culture.

Explore Higher. Feel Deeper.",0,0
8963,trekking-types,137,"Langtang Region",langtang-region,"<h2 class=""PDq2pG_selectionAnchorContainer"" data-section-id=""1pcco11"" data-start=""226"" data-end=""244"">Langtang Region</h2>
<p data-start=""246"" data-end=""550"">The Langtang Region is one of Nepal's most beautiful and accessible trekking destinations. Located north of Kathmandu, it offers breathtaking mountain scenery, peaceful trails, and rich Tamang culture. The region is perfect for travelers seeking an authentic Himalayan adventure away from the crowds.</p>
<p data-start=""552"" data-end=""951"">Popular treks include the Langtang Valley Trek, Gosaikunda Lake Trek, Langtang Gosaikunda Trek, Tamang Heritage Trail, and Yala Peak Climbing. Along the journey, you'll walk through rhododendron forests, alpine meadows, and traditional villages. In addition, you'll enjoy spectacular views of Langtang Lirung, Dorje Lakpa, Gangchempo, and several surrounding Himalayan peaks.</p>
<p data-start=""953"" data-end=""1287"">One of the highlights is visiting Kyanjin Gompa, a traditional Buddhist monastery surrounded by snow-capped mountains. Many trekkers also hike to Kyanjin Ri or Tserko Ri for unforgettable panoramic views. For those seeking a spiritual journey, Gosaikunda Lake is a sacred pilgrimage site for both Hindus and Buddhists.</p>
<p data-start=""1289"" data-end=""1571"">At Ever Peak Adventures, we organize professionally guided treks with experienced local guides, comfortable teahouse accommodation, and carefully planned itineraries. We focus on safety, proper acclimatization, and personalized service to ensure a memorable trekking experience.</p>
<p data-start=""1573"" data-end=""1841"">Whether you are a beginner or an experienced trekker, the Langtang Region offers an incredible combination of natural beauty, cultural heritage, and rewarding mountain trails. It is an excellent choice for anyone looking to explore the Himalayas in a shorter time.</p>",0,0
8964,trekking-types,135,"Annapurna Region",annapurna-region,"<h2 class=""PDq2pG_selectionAnchorContainer"" data-section-id=""1ngqd45"" data-start=""222"" data-end=""241"">Annapurna Region</h2>
<p data-start=""243"" data-end=""540"">The Annapurna Region is one of Nepal's most popular trekking destinations. It is famous for its diverse landscapes, breathtaking mountain views, and rich cultural heritage. From lush forests and terraced fields to alpine valleys and high mountain passes, every trail offers a unique adventure.</p>
<p data-start=""542"" data-end=""1004"">Popular treks include the Annapurna Base Camp Trek, Annapurna Circuit Trek, Mardi Himal Trek, Ghorepani Poon Hill Trek, Khopra Ridge Trek, and Nar Phu Valley Trek. Along the way, you'll enjoy spectacular views of Annapurna I, Machhapuchhre, Dhaulagiri, Hiunchuli, and several other Himalayan peaks. In addition, you'll visit traditional Gurung, Magar, and Thakali villages that are known for their warm hospitality and unique culture.</p>
<p data-start=""1006"" data-end=""1333"">The region offers trekking routes for every experience level. Beginners can enjoy short and scenic hikes, while experienced trekkers can cross the famous Thorong La Pass (5,416 m) on the Annapurna Circuit. Comfortable teahouses, well-marked trails, and easy access from Pokhara make trekking convenient throughout the year.</p>
<p data-start=""1335"" data-end=""1600"">At Ever Peak Adventures, we provide professionally guided treks with experienced local guides, comfortable accommodation, and carefully planned itineraries. We also ensure proper acclimatization and personalized service to make every journey safe and enjoyable.</p>
<p data-start=""1602"" data-end=""1802"">Whether you're looking for a short Himalayan escape or a challenging mountain adventure, the Annapurna Region offers unforgettable scenery, authentic culture, and world-class trekking experiences.</p>
lects our philosophy—trek higher into the Himalayas while feeling deeper connections with nature and local culture.

Explore Higher. Feel Deeper.",0,0
10509,trekking-types,136,"Everest Region",everest-region,"<h2 class=""PDq2pG_selectionAnchorContainer"" data-section-id=""eebrkr"" data-start=""118"" data-end=""135"">Everest Region</h2>
<p data-start=""137"" data-end=""477"">The Everest Region is Nepal's most famous trekking destination. It is home to Mount Everest, the highest mountain in the world. The region is known for its spectacular Himalayan scenery, rich Sherpa culture, ancient monasteries, and world-class trekking routes. Every year, thousands of trekkers visit this remarkable part of Nepal.</p>
<p data-start=""479"" data-end=""974"">Popular adventures include the Everest Base Camp Trek, Everest Luxury Trek with Helicopter Return, Gokyo Lakes Trek, and the Everest Three Passes Trek. Each journey offers breathtaking mountain views and unforgettable experiences. Along the trail, you'll pass through traditional Sherpa villages such as Namche Bazaar and Tengboche. You'll also cross suspension bridges and enjoy panoramic views of Everest, Lhotse, Nuptse, Ama Dablam, and many other Himalayan peaks.</p>
<p data-start=""976"" data-end=""1307"">At Ever Peak Adventures, we carefully design every itinerary for safety, comfort, and enjoyment. Our experienced local guides ensure proper acclimatization throughout the trek. In addition, we provide comfortable accommodation, quality meals, and personalized service. As a result, you can enjoy your adventure with confidence.</p>
<p data-start=""1309"" data-end=""1639"">Whether you are a first-time trekker or an experienced hiker, this destination has something for everyone. The combination of dramatic landscapes, warm Sherpa hospitality, and unforgettable trails creates a truly memorable experience. Choose Ever Peak Adventures and discover one of the world's greatest trekking destinations.</p>",0,0
11546,trekking-types,136,"Everest Region",everest-region,"<h2 class=""PDq2pG_selectionAnchorContainer"" data-section-id=""eebrkr"" data-start=""118"" data-end=""135"">Everest Region</h2>
<p data-start=""137"" data-end=""477"">The Everest Region is Nepal's most famous trekking destination. It is home to Mount Everest, the highest mountain in the world. The region is known for its spectacular Himalayan scenery, rich Sherpa culture, ancient monasteries, and world-class trekking routes. Every year, thousands of trekkers visit this remarkable part of Nepal.</p>
<p data-start=""479"" data-end=""974"">Popular adventures include the Everest Base Camp Trek, Everest Luxury Trek with Helicopter Return, Gokyo Lakes Trek, and the Everest Three Passes Trek. Each journey offers breathtaking mountain views and unforgettable experiences. Along the trail, you'll pass through traditional Sherpa villages such as Namche Bazaar and Tengboche. You'll also cross suspension bridges and enjoy panoramic views of Everest, Lhotse, Nuptse, Ama Dablam, and many other Himalayan peaks.</p>
<p data-start=""976"" data-end=""1307"">At Ever Peak Adventures, we carefully design every itinerary for safety, comfort, and enjoyment. Our experienced local guides ensure proper acclimatization throughout the trek. In addition, we provide comfortable accommodation, quality meals, and personalized service. As a result, you can enjoy your adventure with confidence.</p>
<p data-start=""1309"" data-end=""1639"">Whether you are a first-time trekker or an experienced hiker, this destination has something for everyone. The combination of dramatic landscapes, warm Sherpa hospitality, and unforgettable trails creates a truly memorable experience. Choose Ever Peak Adventures and discover one of the world's greatest trekking destinations.</p>",0,0
14105,trekking-types,135,"Annapurna Region",annapurna-region,"<h2 class=""PDq2pG_selectionAnchorContainer"" data-section-id=""1ngqd45"" data-start=""222"" data-end=""241"">Annapurna Region</h2>
<p data-start=""243"" data-end=""540"">The Annapurna Region is one of Nepal's most popular trekking destinations. It is famous for its diverse landscapes, breathtaking mountain views, and rich cultural heritage. From lush forests and terraced fields to alpine valleys and high mountain passes, every trail offers a unique adventure.</p>
<p data-start=""542"" data-end=""1004"">Popular treks include the Annapurna Base Camp Trek, Annapurna Circuit Trek, Mardi Himal Trek, Ghorepani Poon Hill Trek, Khopra Ridge Trek, and Nar Phu Valley Trek. Along the way, you'll enjoy spectacular views of Annapurna I, Machhapuchhre, Dhaulagiri, Hiunchuli, and several other Himalayan peaks. In addition, you'll visit traditional Gurung, Magar, and Thakali villages that are known for their warm hospitality and unique culture.</p>
<p data-start=""1006"" data-end=""1333"">The region offers trekking routes for every experience level. Beginners can enjoy short and scenic hikes, while experienced trekkers can cross the famous Thorong La Pass (5,416 m) on the Annapurna Circuit. Comfortable teahouses, well-marked trails, and easy access from Pokhara make trekking convenient throughout the year.</p>
<p data-start=""1335"" data-end=""1600"">At Ever Peak Adventures, we provide professionally guided treks with experienced local guides, comfortable accommodation, and carefully planned itineraries. We also ensure proper acclimatization and personalized service to make every journey safe and enjoyable.</p>
<p data-start=""1602"" data-end=""1802"">Whether you're looking for a short Himalayan escape or a challenging mountain adventure, the Annapurna Region offers unforgettable scenery, authentic culture, and world-class trekking experiences.</p>
lects our philosophy—trek higher into the Himalayas while feeling deeper connections with nature and local culture.

Explore Higher. Feel Deeper.",0,0
14133,trekking-types,161,"Manaslu Region",manaslu-region,"<h2 class=""PDq2pG_selectionAnchorContainer"" data-section-id=""dwqems"" data-start=""211"" data-end=""228"">Manaslu Region</h2>
<p data-start=""230"" data-end=""587"">The Manaslu Region is one of Nepal's most remote and rewarding trekking destinations. Home to Mount Manaslu (8,163 m), the world's eighth-highest mountain, it offers spectacular Himalayan scenery, rich Tibetan Buddhist culture, and peaceful mountain trails. Unlike busier trekking routes, this region provides a quieter and more authentic adventure.</p>
<p data-start=""589"" data-end=""953"">The famous Manaslu Circuit Trek follows the Budhi Gandaki River through lush forests, deep gorges, and traditional villages. As you gain altitude, the landscape changes into alpine meadows, glaciers, and towering snow-capped peaks. The highlight of the journey is crossing Larkya La Pass (5,106 m), one of Nepal's most scenic and rewarding mountain passes.</p>
<p data-start=""955"" data-end=""1321"">Along the trail, you'll visit ancient monasteries, colorful prayer flags, and welcoming villages such as Sama Gaun and Samdo. These settlements preserve centuries-old Tibetan traditions and offer a unique cultural experience. In addition, trekkers enjoy breathtaking views of Manaslu, Himalchuli, Ngadi Chuli, Ganesh Himal, and several surrounding peaks.</p>
<p data-start=""1323"" data-end=""1592"">At Ever Peak Adventures, we organize safe and professionally guided treks with experienced local guides, comfortable teahouse accommodation, and well-planned acclimatization. We also handle all required permits and logistics, allowing you to focus on the adventure.</p>
<p data-start=""1594"" data-end=""1902"">Whether you are an experienced trekker or looking for a less crowded Himalayan journey, the Manaslu Region offers an unforgettable combination of natural beauty, cultural heritage, and high-altitude adventure. It is the perfect destination for travelers seeking an authentic trekking experience in Nepal.</p>",0,0
14535,trekking-types,137,"Langtang Region",langtang-region,"<h2 class=""PDq2pG_selectionAnchorContainer"" data-section-id=""1pcco11"" data-start=""226"" data-end=""244"">Langtang Region</h2>
<p data-start=""246"" data-end=""550"">The Langtang Region is one of Nepal's most beautiful and accessible trekking destinations. Located north of Kathmandu, it offers breathtaking mountain scenery, peaceful trails, and rich Tamang culture. The region is perfect for travelers seeking an authentic Himalayan adventure away from the crowds.</p>
<p data-start=""552"" data-end=""951"">Popular treks include the Langtang Valley Trek, Gosaikunda Lake Trek, Langtang Gosaikunda Trek, Tamang Heritage Trail, and Yala Peak Climbing. Along the journey, you'll walk through rhododendron forests, alpine meadows, and traditional villages. In addition, you'll enjoy spectacular views of Langtang Lirung, Dorje Lakpa, Gangchempo, and several surrounding Himalayan peaks.</p>
<p data-start=""953"" data-end=""1287"">One of the highlights is visiting Kyanjin Gompa, a traditional Buddhist monastery surrounded by snow-capped mountains. Many trekkers also hike to Kyanjin Ri or Tserko Ri for unforgettable panoramic views. For those seeking a spiritual journey, Gosaikunda Lake is a sacred pilgrimage site for both Hindus and Buddhists.</p>
<p data-start=""1289"" data-end=""1571"">At Ever Peak Adventures, we organize professionally guided treks with experienced local guides, comfortable teahouse accommodation, and carefully planned itineraries. We focus on safety, proper acclimatization, and personalized service to ensure a memorable trekking experience.</p>
<p data-start=""1573"" data-end=""1841"">Whether you are a beginner or an experienced trekker, the Langtang Region offers an incredible combination of natural beauty, cultural heritage, and rewarding mountain trails. It is an excellent choice for anyone looking to explore the Himalayas in a shorter time.</p>",0,0
14794,trekking-types,162,"Mustang Region",mustang-region-trekking,"<p class=""PDq2pG_selectionAnchorContainer"" data-start=""434"" data-end=""935"">Mustang Region Trekking offers one of Nepal's most remarkable Himalayan adventures, leading travelers through spectacular high-altitude desert landscapes, ancient Tibetan culture, and centuries-old traditions. Located in the rain shadow of the Himalayas, the Mustang region receives very little rainfall, making it an ideal trekking destination during the monsoon season. Dramatic cliffs, colorful rock formations, deep canyons, and vast valleys create scenery unlike anywhere else in the country.</p>
<p data-start=""937"" data-end=""1403"">Mustang Region Trekking takes you through traditional villages, sacred monasteries, mysterious caves, and the historic walled city of Lo Manthang, the former capital of the ancient Kingdom of Mustang. Along the trail, you'll experience authentic Tibetan Buddhist culture, meet welcoming local communities, and enjoy breathtaking views of the Annapurna and Dhaulagiri mountain ranges. Every step combines history, spirituality, and unforgettable Himalayan beauty.</p>
<p data-start=""1405"" data-end=""1720"">Whether you choose Upper Mustang or Lower Mustang, trekking in Mustang provides an incredible opportunity to discover a region rich in culture and natural wonders. The peaceful atmosphere, well-preserved heritage, and unique desert environment make every journey rewarding for trekkers of all experience levels.</p>
<p data-start=""1722"" data-end=""2160"">Ever Peak Adventures offers professionally guided Mustang trekking packages with experienced local guides, carefully planned itineraries, and reliable support throughout your journey. From exploring hidden valleys and ancient monasteries to witnessing dramatic mountain scenery, this Mustang trek delivers unforgettable experiences and lasting memories while revealing one of Nepal's most fascinating trekking destinations.</p>",0,0
14796,trekking-types,161,"Manaslu Region",manaslu-region,"<h2 class=""PDq2pG_selectionAnchorContainer"" data-section-id=""dwqems"" data-start=""211"" data-end=""228"">Manaslu Region</h2>
<p data-start=""230"" data-end=""587"">The Manaslu Region is one of Nepal's most remote and rewarding trekking destinations. Home to Mount Manaslu (8,163 m), the world's eighth-highest mountain, it offers spectacular Himalayan scenery, rich Tibetan Buddhist culture, and peaceful mountain trails. Unlike busier trekking routes, this region provides a quieter and more authentic adventure.</p>
<p data-start=""589"" data-end=""953"">The famous Manaslu Circuit Trek follows the Budhi Gandaki River through lush forests, deep gorges, and traditional villages. As you gain altitude, the landscape changes into alpine meadows, glaciers, and towering snow-capped peaks. The highlight of the journey is crossing Larkya La Pass (5,106 m), one of Nepal's most scenic and rewarding mountain passes.</p>
<p data-start=""955"" data-end=""1321"">Along the trail, you'll visit ancient monasteries, colorful prayer flags, and welcoming villages such as Sama Gaun and Samdo. These settlements preserve centuries-old Tibetan traditions and offer a unique cultural experience. In addition, trekkers enjoy breathtaking views of Manaslu, Himalchuli, Ngadi Chuli, Ganesh Himal, and several surrounding peaks.</p>
<p data-start=""1323"" data-end=""1592"">At Ever Peak Adventures, we organize safe and professionally guided treks with experienced local guides, comfortable teahouse accommodation, and well-planned acclimatization. We also handle all required permits and logistics, allowing you to focus on the adventure.</p>
<p data-start=""1594"" data-end=""1902"">Whether you are an experienced trekker or looking for a less crowded Himalayan journey, the Manaslu Region offers an unforgettable combination of natural beauty, cultural heritage, and high-altitude adventure. It is the perfect destination for travelers seeking an authentic trekking experience in Nepal.</p>",0,0
14799,trekking-types,161,"Manaslu Region",manaslu-region,"<h2 class=""PDq2pG_selectionAnchorContainer"" data-section-id=""dwqems"" data-start=""211"" data-end=""228"">Manaslu Region</h2>
<p data-start=""230"" data-end=""587"">The Manaslu Region is one of Nepal's most remote and rewarding trekking destinations. Home to Mount Manaslu (8,163 m), the world's eighth-highest mountain, it offers spectacular Himalayan scenery, rich Tibetan Buddhist culture, and peaceful mountain trails. Unlike busier trekking routes, this region provides a quieter and more authentic adventure.</p>
<p data-start=""589"" data-end=""953"">The famous Manaslu Circuit Trek follows the Budhi Gandaki River through lush forests, deep gorges, and traditional villages. As you gain altitude, the landscape changes into alpine meadows, glaciers, and towering snow-capped peaks. The highlight of the journey is crossing Larkya La Pass (5,106 m), one of Nepal's most scenic and rewarding mountain passes.</p>
<p data-start=""955"" data-end=""1321"">Along the trail, you'll visit ancient monasteries, colorful prayer flags, and welcoming villages such as Sama Gaun and Samdo. These settlements preserve centuries-old Tibetan traditions and offer a unique cultural experience. In addition, trekkers enjoy breathtaking views of Manaslu, Himalchuli, Ngadi Chuli, Ganesh Himal, and several surrounding peaks.</p>
<p data-start=""1323"" data-end=""1592"">At Ever Peak Adventures, we organize safe and professionally guided treks with experienced local guides, comfortable teahouse accommodation, and well-planned acclimatization. We also handle all required permits and logistics, allowing you to focus on the adventure.</p>
<p data-start=""1594"" data-end=""1902"">Whether you are an experienced trekker or looking for a less crowded Himalayan journey, the Manaslu Region offers an unforgettable combination of natural beauty, cultural heritage, and high-altitude adventure. It is the perfect destination for travelers seeking an authentic trekking experience in Nepal.</p>",0,0
14801,trekking-types,165,"Makalu Region",makalu-region-trekking,"<p class=""PDq2pG_selectionAnchorContainer"" data-start=""426"" data-end=""726"">Makalu Region Trekking is one of Nepal's most remote Himalayan adventures. Moreover, it is perfect for trekkers seeking solitude, dramatic scenery, and authentic mountain culture. Home to Mount Makalu, the world's fifth-highest peak, this region offers an unforgettable wilderness experience.</p>
<p data-start=""728"" data-end=""1059"">Makalu Region Trekking passes through the beautiful Makalu Barun National Park. Along the way, the trail crosses dense forests, alpine meadows, glaciers, and rushing rivers. Additionally, every day reveals new landscapes and breathtaking mountain views. The park is also home to rare wildlife and diverse plant species.</p>
<p data-start=""1061"" data-end=""1403"">Trekkers visit traditional Sherpa and Rai villages. There, they experience warm hospitality and rich local traditions. Furthermore, ancient monasteries, colorful prayer flags, and peaceful valleys make the journey even more memorable. The route also provides spectacular views of Mount Makalu, Everest, Lhotse, Chamlang, and Baruntse.</p>
<p data-start=""1405"" data-end=""1584"">The trek is physically demanding. However, the rewards are exceptional for experienced hikers. Therefore, proper preparation and experienced guides are highly recommended.</p>
<p data-start=""1586"" data-end=""1870"">Ever Peak Adventures offers professionally guided Makalu Trekking packages with expert guides and well-planned itineraries. Finally, Makalu Region Trekking combines untouched nature, rich culture, and stunning Himalayan scenery to create an unforgettable adventure.</p>",0,0
14804,trekking-types,164,"Dolpo Region",dolpo-region-trekking,"<p class=""PDq2pG_selectionAnchorContainer"" data-start=""411"" data-end=""722"">Dolpo Region Trekking is one of Nepal's most remote and fascinating Himalayan adventures. It offers a rare opportunity to explore untouched landscapes and ancient mountain traditions. Hidden in western Nepal, this region is known for its peaceful valleys, rugged terrain, and rich Tibetan Buddhist heritage.</p>
<p data-start=""724"" data-end=""1095"">Dolpo Region Trekking takes you through the breathtaking Shey Phoksundo National Park. Along the way, you will discover turquoise lakes, dramatic cliffs, alpine meadows, and high mountain passes. Additionally, the park is home to rare wildlife, including blue sheep and the elusive snow leopard. Every day reveals spectacular scenery and unforgettable mountain views.</p>
<p data-start=""1097"" data-end=""1488"">Trekkers visit traditional villages where Bon and Buddhist cultures continue to thrive. Moreover, ancient monasteries, colorful prayer flags, and centuries-old customs create a unique cultural experience. The journey offers a perfect balance of natural beauty, history, and spirituality. Because Dolpo is a restricted region, special permits and experienced guides are required for the trek.</p>
<p data-start=""1490"" data-end=""2080"">Ever Peak Adventures provides professionally guided Dolpo Trekking packages with carefully planned itineraries and experienced local guides. Furthermore, we prioritize safety, responsible tourism, and authentic cultural experiences throughout the journey. Dolpo Region Trekking is ideal for adventurous travelers seeking solitude, breathtaking landscapes, and meaningful cultural encounters. Finally, this remarkable Himalayan adventure offers an unforgettable escape from crowded trails while showcasing one of Nepal's most pristine and least-explored trekking destinations.</p>",0,0
14886,trekking-types,136,"Everest Region",everest-region,"<h2 class=""PDq2pG_selectionAnchorContainer"" data-section-id=""eebrkr"" data-start=""118"" data-end=""135"">Everest Region</h2>
<p data-start=""137"" data-end=""477"">The Everest Region is Nepal's most famous trekking destination. It is home to Mount Everest, the highest mountain in the world. The region is known for its spectacular Himalayan scenery, rich Sherpa culture, ancient monasteries, and world-class trekking routes. Every year, thousands of trekkers visit this remarkable part of Nepal.</p>
<p data-start=""479"" data-end=""974"">Popular adventures include the Everest Base Camp Trek, Everest Luxury Trek with Helicopter Return, Gokyo Lakes Trek, and the Everest Three Passes Trek. Each journey offers breathtaking mountain views and unforgettable experiences. Along the trail, you'll pass through traditional Sherpa villages such as Namche Bazaar and Tengboche. You'll also cross suspension bridges and enjoy panoramic views of Everest, Lhotse, Nuptse, Ama Dablam, and many other Himalayan peaks.</p>
<p data-start=""976"" data-end=""1307"">At Ever Peak Adventures, we carefully design every itinerary for safety, comfort, and enjoyment. Our experienced local guides ensure proper acclimatization throughout the trek. In addition, we provide comfortable accommodation, quality meals, and personalized service. As a result, you can enjoy your adventure with confidence.</p>
<p data-start=""1309"" data-end=""1639"">Whether you are a first-time trekker or an experienced hiker, this destination has something for everyone. The combination of dramatic landscapes, warm Sherpa hospitality, and unforgettable trails creates a truly memorable experience. Choose Ever Peak Adventures and discover one of the world's greatest trekking destinations.</p>",0,0
14897,trekking-types,162,"Mustang Region",mustang-region-trekking,"<p class=""PDq2pG_selectionAnchorContainer"" data-start=""434"" data-end=""935"">Mustang Region Trekking offers one of Nepal's most remarkable Himalayan adventures, leading travelers through spectacular high-altitude desert landscapes, ancient Tibetan culture, and centuries-old traditions. Located in the rain shadow of the Himalayas, the Mustang region receives very little rainfall, making it an ideal trekking destination during the monsoon season. Dramatic cliffs, colorful rock formations, deep canyons, and vast valleys create scenery unlike anywhere else in the country.</p>
<p data-start=""937"" data-end=""1403"">Mustang Region Trekking takes you through traditional villages, sacred monasteries, mysterious caves, and the historic walled city of Lo Manthang, the former capital of the ancient Kingdom of Mustang. Along the trail, you'll experience authentic Tibetan Buddhist culture, meet welcoming local communities, and enjoy breathtaking views of the Annapurna and Dhaulagiri mountain ranges. Every step combines history, spirituality, and unforgettable Himalayan beauty.</p>
<p data-start=""1405"" data-end=""1720"">Whether you choose Upper Mustang or Lower Mustang, trekking in Mustang provides an incredible opportunity to discover a region rich in culture and natural wonders. The peaceful atmosphere, well-preserved heritage, and unique desert environment make every journey rewarding for trekkers of all experience levels.</p>
<p data-start=""1722"" data-end=""2160"">Ever Peak Adventures offers professionally guided Mustang trekking packages with experienced local guides, carefully planned itineraries, and reliable support throughout your journey. From exploring hidden valleys and ancient monasteries to witnessing dramatic mountain scenery, this Mustang trek delivers unforgettable experiences and lasting memories while revealing one of Nepal's most fascinating trekking destinations.</p>",0,0
14977,trekking-types,137,"Langtang Region",langtang-region,"<h2 class=""PDq2pG_selectionAnchorContainer"" data-section-id=""1pcco11"" data-start=""226"" data-end=""244"">Langtang Region</h2>
<p data-start=""246"" data-end=""550"">The Langtang Region is one of Nepal's most beautiful and accessible trekking destinations. Located north of Kathmandu, it offers breathtaking mountain scenery, peaceful trails, and rich Tamang culture. The region is perfect for travelers seeking an authentic Himalayan adventure away from the crowds.</p>
<p data-start=""552"" data-end=""951"">Popular treks include the Langtang Valley Trek, Gosaikunda Lake Trek, Langtang Gosaikunda Trek, Tamang Heritage Trail, and Yala Peak Climbing. Along the journey, you'll walk through rhododendron forests, alpine meadows, and traditional villages. In addition, you'll enjoy spectacular views of Langtang Lirung, Dorje Lakpa, Gangchempo, and several surrounding Himalayan peaks.</p>
<p data-start=""953"" data-end=""1287"">One of the highlights is visiting Kyanjin Gompa, a traditional Buddhist monastery surrounded by snow-capped mountains. Many trekkers also hike to Kyanjin Ri or Tserko Ri for unforgettable panoramic views. For those seeking a spiritual journey, Gosaikunda Lake is a sacred pilgrimage site for both Hindus and Buddhists.</p>
<p data-start=""1289"" data-end=""1571"">At Ever Peak Adventures, we organize professionally guided treks with experienced local guides, comfortable teahouse accommodation, and carefully planned itineraries. We focus on safety, proper acclimatization, and personalized service to ensure a memorable trekking experience.</p>
<p data-start=""1573"" data-end=""1841"">Whether you are a beginner or an experienced trekker, the Langtang Region offers an incredible combination of natural beauty, cultural heritage, and rewarding mountain trails. It is an excellent choice for anyone looking to explore the Himalayas in a shorter time.</p>",0,0
15182,trekking-types,136,"Everest Region",everest-region,"<h2 class=""PDq2pG_selectionAnchorContainer"" data-section-id=""eebrkr"" data-start=""118"" data-end=""135"">Everest Region</h2>
<p data-start=""137"" data-end=""477"">The Everest Region is Nepal's most famous trekking destination. It is home to Mount Everest, the highest mountain in the world. The region is known for its spectacular Himalayan scenery, rich Sherpa culture, ancient monasteries, and world-class trekking routes. Every year, thousands of trekkers visit this remarkable part of Nepal.</p>
<p data-start=""479"" data-end=""974"">Popular adventures include the Everest Base Camp Trek, Everest Luxury Trek with Helicopter Return, Gokyo Lakes Trek, and the Everest Three Passes Trek. Each journey offers breathtaking mountain views and unforgettable experiences. Along the trail, you'll pass through traditional Sherpa villages such as Namche Bazaar and Tengboche. You'll also cross suspension bridges and enjoy panoramic views of Everest, Lhotse, Nuptse, Ama Dablam, and many other Himalayan peaks.</p>
<p data-start=""976"" data-end=""1307"">At Ever Peak Adventures, we carefully design every itinerary for safety, comfort, and enjoyment. Our experienced local guides ensure proper acclimatization throughout the trek. In addition, we provide comfortable accommodation, quality meals, and personalized service. As a result, you can enjoy your adventure with confidence.</p>
<p data-start=""1309"" data-end=""1639"">Whether you are a first-time trekker or an experienced hiker, this destination has something for everyone. The combination of dramatic landscapes, warm Sherpa hospitality, and unforgettable trails creates a truly memorable experience. Choose Ever Peak Adventures and discover one of the world's greatest trekking destinations.</p>",0,0
15355,trekking-types,136,"Everest Region",everest-region,"<h2 class=""PDq2pG_selectionAnchorContainer"" data-section-id=""eebrkr"" data-start=""118"" data-end=""135"">Everest Region</h2>
<p data-start=""137"" data-end=""477"">The Everest Region is Nepal's most famous trekking destination. It is home to Mount Everest, the highest mountain in the world. The region is known for its spectacular Himalayan scenery, rich Sherpa culture, ancient monasteries, and world-class trekking routes. Every year, thousands of trekkers visit this remarkable part of Nepal.</p>
<p data-start=""479"" data-end=""974"">Popular adventures include the Everest Base Camp Trek, Everest Luxury Trek with Helicopter Return, Gokyo Lakes Trek, and the Everest Three Passes Trek. Each journey offers breathtaking mountain views and unforgettable experiences. Along the trail, you'll pass through traditional Sherpa villages such as Namche Bazaar and Tengboche. You'll also cross suspension bridges and enjoy panoramic views of Everest, Lhotse, Nuptse, Ama Dablam, and many other Himalayan peaks.</p>
<p data-start=""976"" data-end=""1307"">At Ever Peak Adventures, we carefully design every itinerary for safety, comfort, and enjoyment. Our experienced local guides ensure proper acclimatization throughout the trek. In addition, we provide comfortable accommodation, quality meals, and personalized service. As a result, you can enjoy your adventure with confidence.</p>
<p data-start=""1309"" data-end=""1639"">Whether you are a first-time trekker or an experienced hiker, this destination has something for everyone. The combination of dramatic landscapes, warm Sherpa hospitality, and unforgettable trails creates a truly memorable experience. Choose Ever Peak Adventures and discover one of the world's greatest trekking destinations.</p>",0,0
