id,url,post_id,target_post_id,type,indexable_id,target_indexable_id,height,width,size,language,region
7923,https://en.wikipedia.org/wiki/Mount_Everest,10509,,external,776,,,,,,
8015,https://everpeakadventures.com/trekking/gokyo-lake-trekking/,10509,6089,internal,776,343,,,,,
8020,https://everpeakadventures.com/trekking/annapurna-circuit-trek/,8964,8961,internal,692,690,,,,,
8024,https://everpeakadventures.com/trekking/gokyo-lake-trekking/,14886,6089,internal,945,343,,,,,
8032,https://everpeakadventures.com/trekking/manaslu-circuit-trek/,14799,14133,internal,921,856,,,,,
8041,https://www.google.com/search?sca_esv=830e528a4f670b12&amp;sxsrf=APpeQnvzofO7OYVJXs-UgJ2iLxgYftxdIQ:1782007115076&amp;udm=2&amp;fbs=ABfTbFVyMZGZf1hfvX9uKjN_-G8c4u0nXx4bEIpwm1lnNH832VTJOOCxW_fyN-Q_ezyf8gIHbHEqXWbyThyPdUCKqTmZAKzBcRFb2qe3OBMfh6G5UU95rQ_0RWn,14794,,external,918,,,,,,
8042,https://everpeakadventures.com/trekking/upper-mustang-jeep-tour-12-days-standard-itinerary/,14794,14897,internal,918,947,,,,,
8043,https://everpeakadventures.com/trekking/7-day-langtang-valley-treks/,14535,8963,internal,893,691,,,,,
8044,https://www.google.com/search?sca_esv=a4157d6879dd24d7&amp;sxsrf=APpeQnt0ud5IDBP_X4Zgz77eEzj8wZqz-Q:1782349242309&amp;udm=2&amp;fbs=ABfTbFVyMZGZf1hfvX9uKjN_-G8c4u0nXx4bEIpwm1lnNH832VTJOOCxW_fyN-Q_ezyf8gLZhoVnym8adqD7lVa5VazpFlqSqjydmsVpq4dhqK4u6cS1sJEThef,14535,,external,893,,,,,,
8046,https://everpeakadventures.com/trekking/gokyo-valley-trek-14-days/,6089,14886,internal,343,945,,,,,
8048,https://everpeakadventures.com/trekking/annapurna-circuit-trek/,14105,8961,internal,834,690,,,,,
8049,https://www.google.com/search?sca_esv=adb3d433e634a8e1&amp;sxsrf=APpeQnugrqZSE94R4f0NiDJOZ2-m0qDsYA:1782908893050&amp;udm=2&amp;fbs=ABfTbFVyMZGZf1hfvX9uKjN_-G8c4u0nXx4bEIpwm1lnNH832QGGMdFXpDyzkQgEdtB8w9y513h_dJNevWM0LJgfK9j1B-ZggoDz5DeEeLSeQE37nNtIFHmRIAA,11546,,external,790,,,,,,
8050,https://everpeakadventures.com/trekking/everest-ponarama-treks/,11546,7566,internal,790,554,,,,,
8051,https://www.google.com/search?q=langtang&amp;oq=langtang&amp;gs_lcrp=EgZjaHJvbWUyBggAEEUYOTIGCAEQRRg7MgYIAhBFGDsyBggDEEUYPDIGCAQQRRg8MgYIBRBFGDzSAQgyNDE5ajBqOagCBrACAfEFew0Gpxub_0Q&amp;sourceid=chrome&amp;ie=UTF-8,8963,,external,691,,,,,,
8052,https://everpeakadventures.com/trekking/langtang-gosainkunda-trek/,8963,6053,internal,691,331,,,,,
8056,https://everpeakadventures.com/trekking/annapurna-base-camp-trek/,8959,7561,internal,689,553,,,,,
8059,https://everpeakadventures.com/trekking/langtang-valley-yala-peak/,6053,14535,internal,331,893,,,,,
8060,https://www.google.com/search?sca_esv=adb3d433e634a8e1&amp;sxsrf=APpeQnvg9HbPiwnMZfRsilUBwanDZhzA1Q:1782910051206&amp;udm=2&amp;fbs=ABfTbFVyMZGZf1hfvX9uKjN_-G8c4u0nXx4bEIpwm1lnNH832QGGMdFXpDyzkQgEdtB8w9wqS5_P8hfgybwB85ykUDaamCsnf2zKEJEcVbTa-NXHoG9Hg8yLvuP,6053,,external,331,,,,,,
8061,https://www.google.com/search?sca_esv=adb3d433e634a8e1&amp;sxsrf=APpeQnt5Yq7gX7nfAC2IseZr_PdoPqXV2w:1782910306024&amp;udm=2&amp;fbs=ABfTbFVyMZGZf1hfvX9uKjN_-G8c4u0nXx4bEIpwm1lnNH832VTJOOCxW_fyN-Q_ezyf8gKq1sgc0zFmtILFJcehpQnp8EvsgtsNoHlk8yRnPtPFZTFppidpMf3,6030,,external,324,,,,,,
8062,https://everpeakadventures.com/trekking/annapurna-base-camp-trek/,6030,7561,internal,324,553,,,,,
8063,https://www.google.com/search?sca_esv=adb3d433e634a8e1&amp;sxsrf=APpeQnv0x578zAXTL7gT44qeC3mj5ZlmUA:1782910563549&amp;udm=2&amp;fbs=ABfTbFVyMZGZf1hfvX9uKjN_-G8c4u0nXx4bEIpwm1lnNH832cSpkWkfSwsmpNIrD_OQ-UdQ9tLV4cjRj4hrrdPtN3Glo2G6WTyt13wbk2jPR_Yb-Mp1ad6K3fZ,6028,,external,323,,,,,,
8064,https://www.google.com/search?sca_esv=11b7b2325caaf8c6&amp;sxsrf=APpeQnv-kIbkr8GPXVlyfn2btU5uNJft4w:1782910989690&amp;udm=2&amp;fbs=ABfTbFVyMZGZf1hfvX9uKjN_-G8c4u0nXx4bEIpwm1lnNH832VTJOOCxW_fyN-Q_ezyf8gKq1sgc0zFmtILFJcehpQnp8EvsgtsNoHlk8yRnPtPFZTFppidpMf3,6040,,external,326,,,,,,
8065,https://everpeakadventures.com/trekking/upper-mustang-trek-16-days/,6040,14794,internal,326,918,,,,,
8066,https://www.google.com/search?sca_esv=11b7b2325caaf8c6&amp;sxsrf=APpeQntihPW-19gyFqd3ozc0fEPE8kuBHA:1782911166825&amp;udm=2&amp;fbs=ABfTbFVyMZGZf1hfvX9uKjN_-G8c4u0nXx4bEIpwm1lnNH832VTJOOCxW_fyN-Q_ezyf8gIHbHEqXWbyThyPdUCKqTmZAKzBcRFb2qe3OBMfh6G5URtuzGpQgwy,6019,,external,320,,,,,,
8067,https://everpeakadventures.com/trekking-types/kanchenjunga-region/,6019,,internal,320,886,,,,,
8071,https://everpeakadventures.com/trekking-types/everest-region/,7566,,internal,554,296,,,,,
8072,https://www.google.com/search?sca_esv=11b7b2325caaf8c6&amp;sxsrf=APpeQntHTdYjMFT5hN33K3awFOWHnOpV6A:1782911492436&amp;udm=2&amp;fbs=ABfTbFVyMZGZf1hfvX9uKjN_-G8c4u0nXx4bEIpwm1lnNH832VTJOOCxW_fyN-Q_ezyf8gKq1sgc0zFmtILFJcehpQnp8EvsgtsNoHlk8yRnPtPFZTFppidpMf3,7561,,external,553,,,,,,
8073,https://everpeakadventures.com/trekking/annapurna-circuit-trek-via-tilicho-lake/,7561,8964,internal,553,692,,,,,
8076,https://www.google.com/search?sca_esv=23c6f1fa80babc08&amp;sxsrf=APpeQnvBrDCcAwyOgIKUOu8jhn_GDXAd6Q:1783130784924&amp;udm=2&amp;fbs=ABfTbFVyMZGZf1hfvX9uKjN_-G8c4u0nXx4bEIpwm1lnNH832cSpkWkfSwsmpNIrD_OQ-UdFAe4qAwsQWVbrtprjzBSpqcpRIjrWvpllIY_DcnbWIK5czq4gtgq,6046,,external,328,,,,,,
8077,https://everpeakadventures.com/trekking/6-day-langtang-valley-treks/,6046,8963,internal,328,691,,,,,
8079,https://www.google.com/search?sca_esv=23c6f1fa80babc08&amp;sxsrf=APpeQntZpizlYd2Ma4T-n1Tnp3vHhTeJTA:1783131159102&amp;udm=2&amp;fbs=ABfTbFVyMZGZf1hfvX9uKjN_-G8c4u0nXx4bEIpwm1lnNH832VTJOOCxW_fyN-Q_ezyf8gIHbHEqXWbyThyPdUCKqTmZAKzBcRFb2qe3OBMfh6G5URtuzGpQgwy,6017,,external,319,,,,,,
8081,https://everpeakadventures.com/trekking/ghandruk-trekking/,6103,6101,internal,350,349,,,,,
8082,https://www.google.com/search?sca_esv=23c6f1fa80babc08&amp;sxsrf=APpeQnutuY_XbKpPm-7OLtItq_0WKc3CbA:1783131415827&amp;udm=2&amp;fbs=ABfTbFVyMZGZf1hfvX9uKjN_-G8c4u0nXx4bEIpwm1lnNH832cK-OlyrFp0q_lDSVqWSWpDEzO_-mUx3hdbQlSvWRAm3a3D3y0P_3kyEtVBac4Ukyhuw8w7LpgH,6103,,external,350,,,,,,
8083,https://www.google.com/search?sca_esv=23c6f1fa80babc08&amp;sxsrf=APpeQnutuY_XbKpPm-7OLtItq_0WKc3CbA:1783131415827&amp;udm=2&amp;fbs=ABfTbFVyMZGZf1hfvX9uKjN_-G8c4u0nXx4bEIpwm1lnNH832cK-OlyrFp0q_lDSVqWSWpDEzO_-mUx3hdbQlSvWRAm3a3D3y0P_3kyEtVBac4Ukyhuw8w7LpgH,6101,,external,349,,,,,,
8084,https://everpeakadventures.com/trekking/ghorepani-ghandruk-trek/,6101,6103,internal,349,350,,,,,
8085,https://www.google.com/search?sca_esv=9d8d6ffe3c6fa5d1&amp;sxsrf=APpeQnsRrcO6kWkW6B1gKPs96XLWEvAbgw:1783135291486&amp;udm=2&amp;fbs=ABfTbFVyMZGZf1hfvX9uKjN_-G8c4u0nXx4bEIpwm1lnNH832VTJOOCxW_fyN-Q_ezyf8gKq1sgc0zFmtILFJcehpQnp8EvsgtsNoHlk8yRnPtPFZTFppidpMf3,6099,,external,348,,,,,,
8086,https://everpeakadventures.com/trekking/6-day-annapurna-base-camp-treking/,6099,8959,internal,348,689,,,,,
8088,https://everpeakadventures.com/trekking/everest-panorama-trek-2/,6076,7566,internal,340,554,,,,,
8090,https://www.google.com/search?sca_esv=3d80f3da76bac683&amp;sxsrf=APpeQnvBG-zZCILjmzwghZpL1IKkwGtlxQ:1783140438685&amp;udm=2&amp;fbs=ABfTbFVyMZGZf1hfvX9uKjN_-G8c4u0nXx4bEIpwm1lnNH832U1CFDVh7aOiOPRjGOuZsttGjVtm3SQ8YygAFFH6bpyGlf4c5PR0UmHncQtj0N3hy6ucswm9SgR,6009,,external,316,,,,,,
8093,https://www.google.com/search?sca_esv=3d80f3da76bac683&amp;sxsrf=APpeQnvnnglYYK1MQHgbex5vB8EnMPYcIQ:1783140946678&amp;udm=2&amp;fbs=ABfTbFVyMZGZf1hfvX9uKjN_-G8c4u0nXx4bEIpwm1lnNH832cK-OlyrFp0q_lDSVqWSWpDEzO_-mUx3hdbQlSvWRAm3a3D3y0P_3kyEtVBac4Ukym0-lzOIDTs,6005,,external,314,,,,,,
8094,https://everpeakadventures.com/trekking/everest-base-camp-trek/,6064,10509,internal,336,776,,,,,
8095,https://www.google.com/search?sca_esv=3d80f3da76bac683&amp;sxsrf=APpeQnu0uJFGnCZK5DqiBLBztIcV0rdMhQ:1783142149783&amp;udm=2&amp;fbs=ABfTbFVyMZGZf1hfvX9uKjN_-G8c4u0nXx4bEIpwm1lnNH832VTJOOCxW_fyN-Q_ezyf8gIHbHEqXWbyThyPdUCKqTmZAKzBcRFb2qe3OBMfh6G5URtuzGpQgwy,6064,,external,336,,,,,,
8106,https://www.google.com/search?sca_esv=9d8d6ffe3c6fa5d1&amp;sxsrf=APpeQnsJ2aO65baeH7unaCsFkX7-Dhg5Tw:1783135851539&amp;udm=2&amp;fbs=ABfTbFVyMZGZf1hfvX9uKjN_-G8c4u0nXx4bEIpwm1lnNH832VTJOOCxW_fyN-Q_ezyf8gIHbHEqXWbyThyPdUCKqTmZAKzBcRFb2qe3OBMfh6G5URtuzGpQgwy,6076,,external,340,,,,,,
8123,https://www.google.com/search?sca_esv=3d80f3da76bac683&amp;sxsrf=APpeQnseJhSpcMMC_cK_u90dGP_rfEANMg:1783140783696&amp;udm=2&amp;fbs=ABfTbFVyMZGZf1hfvX9uKjN_-G8c4u0nXx4bEIpwm1lnNH832cK-OlyrFp0q_lDSVqWSWpDEzO_-mUx3hdbQlSvWRAm3a3D3y0P_3kyEtVBac4Ukym0-lzOIDTs,6007,,external,315,,,,,,
8217,https://www.google.com/search?sca_esv=23c6f1fa80babc08&amp;sxsrf=APpeQnv-xzMyjPDNa6rJZRwaCqPt8oyKOA:1783130572678&amp;udm=2&amp;fbs=ABfTbFVyMZGZf1hfvX9uKjN_-G8c4u0nXx4bEIpwm1lnNH832VTJOOCxW_fyN-Q_ezyf8gLZhoVnym8adqD7lVa5VazpkNnF17El65JJ9iJzoDhtOZ3c4eC69nG,6061,,external,335,,,,,,
8278,https://www.google.com/search?sca_esv=adb3d433e634a8e1&amp;sxsrf=APpeQnvmtB2oyKA5MD8Ru8U2DHht1lBLtQ:1782909658381&amp;udm=2&amp;fbs=ABfTbFVyMZGZf1hfvX9uKjN_-G8c4u0nXx4bEIpwm1lnNH832VTJOOCxW_fyN-Q_ezyf8gKq1sgc0zFmtILFJcehpQnp8EvsgtsNoHlk8yRnPtPFZTFppidpMf3,8959,,external,689,,,,,,
8279,https://www.google.com/search?sca_esv=adb3d433e634a8e1&amp;sxsrf=APpeQnssG9LEKLkxZaPmemOgoBdgwTn47A:1782908668596&amp;udm=2&amp;fbs=ABfTbFVyMZGZf1hfvX9uKjN_-G8c4u0nXx4bEIpwm1lnNH832VTJOOCxW_fyN-Q_ezyf8gIHbHEqXWbyThyPdUCKqTmZAKzBcRFb2qe3OBMfh6G5UU95rQ_0RWn,14105,,external,834,,,,,,
8280,https://www.google.com/search?q=everest&amp;sca_esv=0d642a333c7f7a40&amp;udm=2&amp;biw=1536&amp;bih=730&amp;sxsrf=APpeQnvwqQ2QG1ZZ9uGOxx7drxvUiKyCQA%3A1781886151779&amp;ei=x2w1aviAL6nB4-EPrrD2-Qg&amp;ved=0ahUKEwi4gO2Y25OVAxWp4DgGHS6YPY8Q4dUDCBM&amp;uact=5,10509,,external,776,,,,,,
8384,https://www.google.com/search?sca_esv=2abe5610bf025d75&amp;sxsrf=APpeQnuhiyVabQuyV9MKY21QS7bnXi4cwg:1781933632815&amp;udm=2&amp;fbs=ABfTbFVyMZGZf1hfvX9uKjN_-G8c4u0nXx4bEIpwm1lnNH832cK-OlyrFp0q_lDSVqWSWpCvAQTX5s0GDDJaRrBPRbhJJcNpTogUa9VnOmjDWSxJKWc-r0FW_QI,14886,,external,945,,,,,,
8385,https://www.google.com/search?sca_esv=11b7b2325caaf8c6&amp;sxsrf=APpeQnuzRo8qvax5wmIUIvH99XU-8BwQww:1782911332830&amp;udm=2&amp;fbs=ABfTbFVyMZGZf1hfvX9uKjN_-G8c4u0nXx4bEIpwm1lnNH832VTJOOCxW_fyN-Q_ezyf8gIHbHEqXWbyThyPdUCKqTmZAKzBcRFb2qe3OBMfh6G5URtuzGpQgwy,7566,,external,554,,,,,,
8386,https://www.google.com/search?sca_esv=a4157d6879dd24d7&amp;sxsrf=APpeQnvNZenW-sKm00WiWArvkgtd4Dfkvg:1782349848804&amp;udm=2&amp;fbs=ABfTbFVyMZGZf1hfvX9uKjN_-G8c4u0nXx4bEIpwm1lnNH832VTJOOCxW_fyN-Q_ezyf8gIPCeKHBvvzkIIwjmkYPTVw8EGq5ehdsmr_mla81VLtj_jQ7FVpQ3Y,6089,,external,343,,,,,,
8387,https://www.google.com/search?sca_esv=2abe5610bf025d75&amp;sxsrf=APpeQnu3q1NLc69B1Z3STmOUi_4R5s_A6A:1781931694365&amp;udm=2&amp;fbs=ABfTbFVyMZGZf1hfvX9uKjN_-G8c4u0nXx4bEIpwm1lnNH832VTJOOCxW_fyN-Q_ezyf8gKq1sgc0zFmtILFJcehpQnp8EvsgtsNoHlk8yRnPtPFZTFppidpMf3,8964,,external,692,,,,,,
8390,https://www.google.com/search?sca_esv=276584ff175c06fa&amp;sxsrf=APpeQnt15IfPmMhOGalBm0WqDXXrE7cSFw:1781936265450&amp;udm=2&amp;fbs=ABfTbFVyMZGZf1hfvX9uKjN_-G8c4u0nXx4bEIpwm1lnNH832VTJOOCxW_fyN-Q_ezyf8gKq1sgc0zFmtILFJcehpQnp8EvsgtsNoHlk8yRnPtPFZTFppidpMf3,14799,,external,921,,,,,,
